Nome,Email,Telefone
Sra. Ana Beatriz Teixeira,ycorreia@example.org,41 7741 8978
Lorena Rodrigues,barbosagabrielly@example.org,+55 71 1991-8975
Larissa Gomes,da-luzleandro@example.com,11 0443 6420
Marcela da Costa,cardosoeduarda@example.net,+55 81 0827-6765
Bruno Lopes,joana43@example.net,0500-360-1115
Melissa Duarte,lunaporto@example.net,(061) 4535-2439
Carolina das Neves,natalia05@example.com,(041) 5493 8155
Julia Barbosa,silvajoao-gabriel@example.org,(021) 1723-9570
Raul Cavalcanti,pedroazevedo@example.org,(084) 5747-4566
Luiz Gustavo Duarte,renanda-cunha@example.com,+55 81 5700 3118
Maria Eduarda Santos,melissa34@example.net,0900 948 7392
Maria Vitória Moura,lopesvitor-gabriel@example.com,(071) 3228 0809
Benício Moura,kalmeida@example.org,(081) 1100-1549
Noah da Conceição,duarteemanuella@example.com,+55 21 8450 5512
Srta. Sophie Fogaça,cavalcantivicente@example.org,71 1764 5469
Bárbara Silva,benjamin09@example.org,11 6925 2731
Pedro Henrique Fernandes,santosbernardo@example.com,(081) 8116-1331
Rafael Nascimento,aliceviana@example.net,+55 61 9756 6267
Antônio das Neves,rafaela24@example.com,(081) 2275 8464
Joana Cunha,ramosalexandre@example.org,0500-957-9867
Samuel Pinto,marianeazevedo@example.org,+55 84 0197 8877
Pedro Henrique Barbosa,luiz-miguel07@example.org,+55 (041) 4186 3645
Manuela Vieira,santosevelyn@example.net,+55 51 4777 5775
Dr. Lucas Gabriel Freitas,joana91@example.org,+55 51 3641 7892
Bruna Campos,almeidaraul@example.com,+55 71 3047-4595
Dra. Sabrina Barbosa,vcastro@example.org,71 3810 4757
Maria Fernanda das Neves,julia37@example.org,+55 84 9230 1532
Maria Julia da Luz,carvalhobreno@example.org,(071) 5974-9199
Manuela Melo,da-rosanathan@example.net,+55 (071) 6449-6209
Manuela Novaes,vieiranicole@example.net,+55 31 8767 8740
Mariane Pires,yda-paz@example.com,+55 (081) 0643-5664
Bruna da Rocha,nicolas32@example.org,(031) 1210 3276
Henrique Moraes,fernandesagatha@example.net,+55 (011) 1418 7321
Gabrielly Costa,maria-cecilia98@example.com,(084) 7440-5591
Davi Luiz Oliveira,portolorenzo@example.com,(051) 7687-8765
Guilherme Melo,manuelada-costa@example.com,+55 51 9641 7086
Enzo Gabriel da Rocha,elisa77@example.net,+55 81 4602-6344
Dra. Kamilly Aragão,camposmaria-cecilia@example.net,31 3664-7655
Ana Carolina Cardoso,gfarias@example.org,+55 (011) 2134-3906
Ana Beatriz Correia,davi-lucasmendes@example.com,+55 11 0816-0527
Lorenzo Freitas,duartenicole@example.org,+55 21 5902 3229
Yuri Lima,benjamin91@example.net,0900 507 7122
Enzo Ribeiro,larissaporto@example.net,81 3428-5709
Ana Laura Ferreira,bryan77@example.com,+55 (081) 8510-3570
Alexia Cavalcanti,monteiroevelyn@example.com,11 5161-1612
Dr. Marcos Vinicius Fogaça,nascimentoheloisa@example.com,(021) 1605-8062
Dr. Heitor Correia,qcardoso@example.org,11 1020-2749
Mariane Castro,souzastephany@example.org,(041) 3262-9238
Maria Fernanda Porto,ana49@example.com,(084) 6923-8301
Maria Julia da Cunha,larissa70@example.org,+55 21 3408 0868
Cauã Moraes,gcarvalho@example.com,+55 41 9834-2976
João Moraes,fernanda81@example.org,11 6053 1036
Sophia Peixoto,gustavo81@example.org,(041) 6889 4015
Sra. Alexia da Conceição,freitasluana@example.net,71 0036-2915
Davi Luiz Ferreira,qcarvalho@example.org,+55 (084) 4542 4963
Daniel Nunes,maria-sophia88@example.net,(031) 3787-4015
Bryan Silveira,manuela71@example.com,81 8503 5655
Enzo Alves,marcelaribeiro@example.net,31 8439-4463
Lorena Nogueira,goncalvesnicole@example.net,+55 31 2732-7508
Emanuella Viana,cavalcantiluiz-felipe@example.com,+55 81 6042-7573
Sr. Felipe Caldeira,santosvicente@example.com,+55 (061) 0217 1907
Rafael Peixoto,yrodrigues@example.org,+55 (011) 9037 8460
Sr. Luiz Felipe Barros,cardosoclara@example.net,+55 (081) 7789 3250
Maria Sophia da Paz,gabrielfarias@example.net,61 4685 9341
Yuri Freitas,aazevedo@example.net,+55 11 3563 2269
Sr. Noah Rezende,anthony93@example.net,(011) 8536-1792
Gustavo Souza,samuelda-cunha@example.net,0900 054 8401
Dra. Sabrina Fogaça,nunesemanuelly@example.org,+55 (021) 2386 2133
Luiz Gustavo Ribeiro,ybarbosa@example.com,+55 71 6048-9019
Srta. Daniela Oliveira,zporto@example.com,(084) 2421 0916
Sr. Vitor Hugo Cunha,alvesfrancisco@example.org,+55 (031) 5325-4832
Dra. Ana Julia Monteiro,cavalcantiesther@example.com,+55 (081) 7536-3434
Francisco Pinto,oda-rocha@example.com,84 6459-0939
Lucas Ribeiro,lavinia43@example.net,+55 84 5767 8381
Bryan Mendes,vjesus@example.com,0900-109-3616
Manuela Nunes,lorena26@example.org,21 9170 0466
Pietro Gonçalves,aviana@example.org,+55 (021) 3712-6613
Dra. Luiza Cardoso,hda-cunha@example.net,+55 (051) 3827 3363
Srta. Yasmin Gomes,cardosoluigi@example.com,(084) 6047-9281
Maria Alice Freitas,ana-julia69@example.org,0800-486-8111
Maria Alice Aragão,luiz-miguelaraujo@example.com,0900 336 5960
Lucca Barbosa,ramoslivia@example.com,(011) 5046 1220
Sr. Ryan da Luz,jnunes@example.org,21 1029-8498
Luiz Miguel Nogueira,maria-alice44@example.net,+55 (084) 7118-8633
Brenda Mendes,nsilveira@example.com,+55 (071) 3557-2437
Marcelo Nascimento,uda-paz@example.com,41 1158 0010
Isadora da Rocha,iazevedo@example.org,0300 873 8332
Maysa Castro,fernandooliveira@example.net,+55 (081) 9519 0695
Carolina Souza,nmelo@example.org,+55 (031) 7365 0105
Helena Nogueira,emilly60@example.org,31 8946-4933
Srta. Júlia Moraes,ecardoso@example.net,+55 21 6283-6444
Melissa Cunha,silvacarolina@example.net,+55 (011) 8641 1361
Thales Nascimento,igormonteiro@example.org,0900 312 0676
Luiz Henrique Duarte,pedro-henriquemendes@example.net,31 2862 7511
Yuri Rodrigues,leandro00@example.com,(031) 6206-7114
Ana Vitória Cardoso,larissada-mata@example.com,+55 81 9685-3398
Gustavo Moreira,prodrigues@example.com,71 6864-4914
Matheus Viana,moraesenzo@example.com,+55 (041) 4320-6501
Sr. Davi Lucas Oliveira,olivia57@example.net,81 1869 4811
Fernando Pinto,ryan87@example.net,84 5413-0140
